dealer,brand
0,Toyota
0,Honda
0,Maserati
1,Jaguar
1,Audi
1,Mazda
1,Maserati
1,Nissan
1,Alfa Romeo
1,Ferrari
1,Porsche
2,Nissan
2,Alfa Romeo
2,Ferrari
2,Chevrolet
3,BMW
3,Lexus
3,Hyundai
3,Jaguar
3,Peugeot
3,Audi
3,Alfa Romeo
4,Ford
4,Fiat
4,Volkswagen
4,Audi
4,Jaguar
4,Alfa Romeo
5,Ferrari
5,Subaru
5,Renault
5,Maserati
6,Volkswagen
6,Fiat
6,BMW
6,Suzuki
6,Mazda
6,Jaguar
6,Maserati
6,Honda
7,Lexus
7,Nissan
7,Volkswagen
7,Audi
7,Maserati
7,Alfa Romeo
7,Honda
7,Subaru
7,Porsche
7,Fiat
7,Mazda
7,Mercedes Benz
8,Nissan
8,BMW
8,Mercedes Benz
8,Mazda
8,Toyota
8,Ferrari
8,Peugeot
9,Chevrolet
9,Porsche
9,BMW
9,Ferrari
9,Pontiac
9,Lexus
9,Honda
9,Mazda
9,Kia
9,Suzuki
10,GMC
10,BMW
10,Audi
10,Alfa Romeo
10,Jaguar
10,Subaru
10,Nissan
10,Porsche
10,Hyundai
10,Mercedes Benz
10,Honda
11,Kia
11,Jaguar
11,Maserati
11,Suzuki
11,Volkswagen
11,Lexus
11,Alfa Romeo
11,Ferrari
11,Hyundai
11,Mazda
12,Peugeot
12,Renault
12,Audi
12,Volkswagen
12,Ferrari
12,Hyundai
12,Chevrolet
12,GMC
12,Suzuki
12,Nissan
12,Maserati
12,Fiat
13,Renault
13,Lexus
13,Mazda
13,Volkswagen
13,Ford
13,Mercedes Benz
13,Kia
13,Jaguar
13,Peugeot
13,BMW
13,Chevrolet
13,Subaru
14,Ford
14,Renault
14,Honda
14,Audi
14,Ferrari
14,Mazda
14,GMC
14,Maserati
15,Honda
15,Audi
15,Subaru
16,Kia
16,Porsche
16,Maserati
16,Ford
16,GMC
16,Peugeot
16,Nissan
17,Volkswagen
17,Alfa Romeo
17,Honda
17,Porsche
17,Pontiac
17,Maserati
17,Renault
17,Nissan
17,Ford
18,Maserati
18,Nissan
18,Mazda
18,GMC
18,Honda
18,Jaguar
18,Pontiac
18,Audi
18,Volkswagen
18,Alfa Romeo
18,Ferrari
19,Nissan
19,Chevrolet
19,GMC
19,BMW
19,Suzuki
20,Volkswagen
20,Peugeot
20,Jaguar
20,Honda
20,Fiat
20,Maserati
20,Suzuki
20,Toyota
20,BMW
20,Chevrolet
20,Pontiac
20,Renault
21,Toyota
21,BMW
21,Alfa Romeo
21,Nissan
21,Chevrolet
21,Audi
21,Suzuki
21,Subaru
21,Volkswagen
21,Jaguar
22,Honda
22,GMC
22,Pontiac
22,Lexus
22,Peugeot
22,Chevrolet
22,Suzuki
22,Subaru
22,Ferrari
22,Mercedes Benz
22,Jaguar
23,Suzuki
23,Lexus
23,Kia
23,Subaru
23,Audi
23,Porsche
23,GMC
23,BMW
23,Toyota
23,Mercedes Benz
23,Maserati
23,Volkswagen
24,BMW
24,Porsche
24,Mercedes Benz
24,Ferrari
24,Fiat
24,Audi
24,Volkswagen
24,Pontiac
24,Peugeot
24,Alfa Romeo
24,Renault
25,Jaguar
25,Nissan
25,Mercedes Benz
25,Pontiac
25,Ferrari
25,Alfa Romeo
25,BMW
25,Audi
26,Hyundai
26,Porsche
26,Jaguar
26,Audi
26,Kia
26,BMW
26,Volkswagen
26,Fiat
26,Renault
26,Peugeot
26,Lexus
27,Mazda
27,Suzuki
27,Kia
27,Lexus
28,Hyundai
28,Maserati
28,Nissan
28,Fiat
29,Volkswagen
29,Ford
29,Peugeot
29,Pontiac
29,Jaguar
29,Alfa Romeo
29,Hyundai
